{"version": "1", "message": "ERROR: Hidden Testcases server unreachable.", "problem_id": "cspp1_m10_a1_1", "user_id": "chinuteja", "score": {"sample": {"0": {"execution_time": 0.1867222785949707, "passed": true}, "1": {"execution_time": 0.10190010070800781, "passed": false}, "2": {"execution_time": 0.09846878051757812, "passed": false}, "3": {"execution_time": 0.07301592826843262, "passed": false}, "4": {"execution_time": 0.13257551193237305, "passed": false}, "5": {"execution_time": 0.09873080253601074, "passed": false}, "6": {"execution_time": 0.12809514999389648, "passed": false}, "7": {"execution_time": 0.33299970626831055, "passed": false}, "8": {"execution_time": 0.4304544925689697, "passed": false}, "9": {"execution_time": 0.3893003463745117, "passed": false}, "10": {"execution_time": 0.15352725982666016, "passed": false}, "11": {"execution_time": 0.15259909629821777, "passed": false}, "12": {"execution_time": 0.1280839443206787, "passed": false}, "13": {"execution_time": 0.1522972583770752, "passed": false}, "14": {"execution_time": 0.13898968696594238, "passed": false}, "15": {"execution_time": 0.1283876895904541, "passed": false}, "16": {"execution_time": 0.0892939567565918, "passed": false}, "17": {"execution_time": 0.10601687431335449, "passed": false}, "18": {"execution_time": 0.09687638282775879, "passed": false}, "19": {"execution_time": 0.12671875953674316, "passed": false}, "20": {"execution_time": 0.047271013259887695, "passed": false}, "21": {"execution_time": 0.11517143249511719, "passed": false}, "22": {"execution_time": 0.09956026077270508, "passed": false}, "23": {"execution_time": 0.17819738388061523, "passed": false}, "24": {"execution_time": 0.11930203437805176, "passed": false}}}, "pylint_score": "6/10"}