{"version": "1", "message": "ERROR: Hidden Testcases server unreachable.", "problem_id": "cspp1_m10_a1_1", "user_id": "chinuteja", "score": {"sample": {"0": {"execution_time": 0.2615056037902832, "passed": false}, "1": {"execution_time": 0.1750953197479248, "passed": false}, "2": {"execution_time": 0.2190873622894287, "passed": false}, "3": {"execution_time": 0.07227444648742676, "passed": false}, "4": {"execution_time": 0.06251406669616699, "passed": false}, "5": {"execution_time": 0.08332109451293945, "passed": false}, "6": {"execution_time": 0.07695627212524414, "passed": false}, "7": {"execution_time": 0.07810449600219727, "passed": false}, "8": {"execution_time": 0.08394694328308105, "passed": false}, "9": {"execution_time": 0.07335042953491211, "passed": false}, "10": {"execution_time": 0.0625150203704834, "passed": false}, "11": {"execution_time": 0.0673227310180664, "passed": false}, "12": {"execution_time": 0.09108781814575195, "passed": false}, "13": {"execution_time": 0.06447410583496094, "passed": false}, "14": {"execution_time": 0.08331680297851562, "passed": false}, "15": {"execution_time": 0.06839203834533691, "passed": false}, "16": {"execution_time": 0.07382512092590332, "passed": false}, "17": {"execution_time": 0.07811117172241211, "passed": false}, "18": {"execution_time": 0.06805634498596191, "passed": false}, "19": {"execution_time": 0.0856621265411377, "passed": false}, "20": {"execution_time": 0.06247997283935547, "passed": false}, "21": {"execution_time": 0.06756448745727539, "passed": false}, "22": {"execution_time": 0.0682680606842041, "passed": false}, "23": {"execution_time": 0.07811117172241211, "passed": false}, "24": {"execution_time": 0.06759333610534668, "passed": false}}}, "pylint_score": "3/10"}