{"version": "1", "message": "ERROR: Hidden Testcases server unreachable.", "problem_id": "cspp1_m10_a1_1", "user_id": "chinuteja", "score": {"sample": {"0": {"execution_time": 0.15071535110473633, "passed": false}, "1": {"execution_time": 0.07015490531921387, "passed": false}, "2": {"execution_time": 0.05795717239379883, "passed": false}, "3": {"execution_time": 0.1016855239868164, "passed": false}, "4": {"execution_time": 0.14034748077392578, "passed": false}, "5": {"execution_time": 0.1413426399230957, "passed": false}, "6": {"execution_time": 0.10182905197143555, "passed": false}, "7": {"execution_time": 0.09873461723327637, "passed": false}, "8": {"execution_time": 0.06966114044189453, "passed": false}, "9": {"execution_time": 0.12229418754577637, "passed": false}, "10": {"execution_time": 0.11069273948669434, "passed": false}, "11": {"execution_time": 0.08389687538146973, "passed": false}, "12": {"execution_time": 0.07496070861816406, "passed": false}, "13": {"execution_time": 0.06090044975280762, "passed": false}, "14": {"execution_time": 0.14902615547180176, "passed": false}, "15": {"execution_time": 0.0805816650390625, "passed": false}, "16": {"execution_time": 0.1075894832611084, "passed": false}, "17": {"execution_time": 0.1362760066986084, "passed": false}, "18": {"execution_time": 0.1761763095855713, "passed": false}, "19": {"execution_time": 0.1469871997833252, "passed": false}, "20": {"execution_time": 0.14136910438537598, "passed": false}, "21": {"execution_time": 0.15326690673828125, "passed": false}, "22": {"execution_time": 0.15622186660766602, "passed": false}, "23": {"execution_time": 0.10126018524169922, "passed": false}, "24": {"execution_time": 0.06502175331115723, "passed": false}}}, "pylint_score": "1/10"}