{"version": "1", "message": "ERROR: Hidden Testcases server unreachable.", "problem_id": "cspp1_m10_a1_1", "user_id": "chinuteja", "score": {"sample": {"0": {"execution_time": 0.15262794494628906, "passed": true}, "1": {"execution_time": 0.09574294090270996, "passed": true}, "2": {"execution_time": 0.39608049392700195, "passed": true}, "3": {"execution_time": 0.34407877922058105, "passed": false}, "4": {"execution_time": 0.10172080993652344, "passed": true}, "5": {"execution_time": 0.09275698661804199, "passed": false}, "6": {"execution_time": 0.0917518138885498, "passed": true}, "7": {"execution_time": 0.07380294799804688, "passed": false}, "8": {"execution_time": 0.09474730491638184, "passed": true}, "9": {"execution_time": 0.09075689315795898, "passed": false}, "10": {"execution_time": 0.14162850379943848, "passed": true}, "11": {"execution_time": 0.1266636848449707, "passed": true}, "12": {"execution_time": 0.0877676010131836, "passed": false}, "13": {"execution_time": 0.08078265190124512, "passed": false}, "14": {"execution_time": 0.08876323699951172, "passed": false}, "15": {"execution_time": 0.10073113441467285, "passed": false}, "16": {"execution_time": 0.10821843147277832, "passed": false}, "17": {"execution_time": 0.09323930740356445, "passed": true}, "18": {"execution_time": 0.0937495231628418, "passed": false}, "19": {"execution_time": 0.1097109317779541, "passed": false}, "20": {"execution_time": 0.10571837425231934, "passed": true}, "21": {"execution_time": 0.08178472518920898, "passed": false}, "22": {"execution_time": 0.0747988224029541, "passed": false}, "23": {"execution_time": 0.08777379989624023, "passed": false}, "24": {"execution_time": 0.13264894485473633, "passed": false}}}, "pylint_score": "2/10"}