{"version": "1", "message": "ERROR: Hidden Testcases server unreachable.", "problem_id": "cspp1_m10_a1_1", "user_id": "chinuteja", "score": {"sample": {"0": {"execution_time": 0.19699931144714355, "passed": true}, "1": {"execution_time": 0.09574604034423828, "passed": true}, "2": {"execution_time": 0.08078241348266602, "passed": true}, "3": {"execution_time": 0.09075665473937988, "passed": false}, "4": {"execution_time": 0.08677530288696289, "passed": true}, "5": {"execution_time": 0.2642941474914551, "passed": false}, "6": {"execution_time": 0.20546269416809082, "passed": true}, "7": {"execution_time": 0.08974719047546387, "passed": false}, "8": {"execution_time": 0.11469268798828125, "passed": true}, "9": {"execution_time": 0.08577132225036621, "passed": false}, "10": {"execution_time": 0.09574413299560547, "passed": true}, "11": {"execution_time": 0.10373711585998535, "passed": true}, "12": {"execution_time": 0.08477926254272461, "passed": false}, "13": {"execution_time": 0.07779240608215332, "passed": false}, "14": {"execution_time": 0.09874367713928223, "passed": false}, "15": {"execution_time": 0.11269736289978027, "passed": false}, "16": {"execution_time": 0.11469221115112305, "passed": false}, "17": {"execution_time": 0.10571908950805664, "passed": true}, "18": {"execution_time": 0.08078241348266602, "passed": false}, "19": {"execution_time": 0.09827041625976562, "passed": false}, "20": {"execution_time": 0.10073113441467285, "passed": true}, "21": {"execution_time": 0.08377766609191895, "passed": false}, "22": {"execution_time": 0.09475255012512207, "passed": false}, "23": {"execution_time": 0.09339666366577148, "passed": false}, "24": {"execution_time": 0.10823869705200195, "passed": false}}}, "pylint_score": "2/10"}