{"version": "1", "message": "ERROR: Hidden Testcases server unreachable.", "problem_id": "cspp1_m10_a1_1", "user_id": "chinuteja", "score": {"sample": {"0": {"execution_time": 0.15857696533203125, "passed": true}, "1": {"execution_time": 0.2089531421661377, "passed": true}, "2": {"execution_time": 0.2214064598083496, "passed": true}, "3": {"execution_time": 0.10694646835327148, "passed": false}, "4": {"execution_time": 0.10272336006164551, "passed": true}, "5": {"execution_time": 0.2084522247314453, "passed": false}, "6": {"execution_time": 0.10272049903869629, "passed": true}, "7": {"execution_time": 0.1077127456665039, "passed": false}, "8": {"execution_time": 0.10670876502990723, "passed": true}, "9": {"execution_time": 0.10870957374572754, "passed": false}, "10": {"execution_time": 0.07680058479309082, "passed": true}, "11": {"execution_time": 0.10870552062988281, "passed": true}, "12": {"execution_time": 0.10273289680480957, "passed": false}, "13": {"execution_time": 0.09773612022399902, "passed": false}, "14": {"execution_time": 0.10177040100097656, "passed": false}, "15": {"execution_time": 0.10868978500366211, "passed": false}, "16": {"execution_time": 0.09231066703796387, "passed": false}, "17": {"execution_time": 0.10182714462280273, "passed": true}, "18": {"execution_time": 0.21143317222595215, "passed": false}, "19": {"execution_time": 0.13165974617004395, "passed": false}, "20": {"execution_time": 0.09177184104919434, "passed": true}, "21": {"execution_time": 0.0847623348236084, "passed": false}, "22": {"execution_time": 0.08078336715698242, "passed": false}, "23": {"execution_time": 0.07878994941711426, "passed": false}, "24": {"execution_time": 0.125701904296875, "passed": false}}}, "pylint_score": "2/10"}