{"version": "1", "message": "ERROR: Hidden Testcases server unreachable.", "problem_id": "cspp1_m10_a1_1", "user_id": "chinuteja", "score": {"sample": {"0": {"execution_time": 0.10420560836791992, "passed": false}, "1": {"execution_time": 0.08587479591369629, "passed": true}, "2": {"execution_time": 0.0698709487915039, "passed": true}, "3": {"execution_time": 0.09867119789123535, "passed": true}, "4": {"execution_time": 0.05542635917663574, "passed": true}, "5": {"execution_time": 0.1191244125366211, "passed": false}, "6": {"execution_time": 0.1326453685760498, "passed": true}, "7": {"execution_time": 0.06421971321105957, "passed": true}, "8": {"execution_time": 0.0707237720489502, "passed": true}, "9": {"execution_time": 0.06770443916320801, "passed": false}, "10": {"execution_time": 0.06536030769348145, "passed": true}, "11": {"execution_time": 0.06359386444091797, "passed": true}, "12": {"execution_time": 0.1065361499786377, "passed": true}, "13": {"execution_time": 0.1249690055847168, "passed": false}, "14": {"execution_time": 0.11880302429199219, "passed": false}, "15": {"execution_time": 0.08598685264587402, "passed": false}, "16": {"execution_time": 0.13695836067199707, "passed": false}, "17": {"execution_time": 0.13425087928771973, "passed": false}, "18": {"execution_time": 0.06891512870788574, "passed": false}, "19": {"execution_time": 0.12862133979797363, "passed": false}, "20": {"execution_time": 0.1432662010192871, "passed": false}, "21": {"execution_time": 0.14370989799499512, "passed": false}, "22": {"execution_time": 0.11606860160827637, "passed": false}, "23": {"execution_time": 0.06942105293273926, "passed": false}, "24": {"execution_time": 0.08315706253051758, "passed": false}}}, "pylint_score": "2/10"}