{"version": "1", "message": "ERROR: Hidden Testcases server unreachable.", "problem_id": "cspp1_m10_a1_1", "user_id": "chinuteja", "score": {"sample": {"0": {"execution_time": 0.27745747566223145, "passed": true}, "1": {"execution_time": 0.0827782154083252, "passed": true}, "2": {"execution_time": 0.09328293800354004, "passed": true}, "3": {"execution_time": 0.07730531692504883, "passed": false}, "4": {"execution_time": 0.07831406593322754, "passed": true}, "5": {"execution_time": 0.08875918388366699, "passed": false}, "6": {"execution_time": 0.10223579406738281, "passed": true}, "7": {"execution_time": 0.09873676300048828, "passed": false}, "8": {"execution_time": 0.10970807075500488, "passed": true}, "9": {"execution_time": 0.09374761581420898, "passed": false}, "10": {"execution_time": 0.10970711708068848, "passed": true}, "11": {"execution_time": 0.11269879341125488, "passed": true}, "12": {"execution_time": 0.11070132255554199, "passed": false}, "13": {"execution_time": 0.09327101707458496, "passed": false}, "14": {"execution_time": 0.08079171180725098, "passed": false}, "15": {"execution_time": 0.08776378631591797, "passed": false}, "16": {"execution_time": 0.08377623558044434, "passed": false}, "17": {"execution_time": 0.0937502384185791, "passed": true}, "18": {"execution_time": 0.10172891616821289, "passed": false}, "19": {"execution_time": 0.10072803497314453, "passed": false}, "20": {"execution_time": 0.13563823699951172, "passed": true}, "21": {"execution_time": 0.14960432052612305, "passed": false}, "22": {"execution_time": 0.07879233360290527, "passed": false}, "23": {"execution_time": 0.10073018074035645, "passed": false}, "24": {"execution_time": 0.1112363338470459, "passed": false}}}, "pylint_score": "2/10"}