{"version": "1", "message": "ERROR: Hidden Testcases server unreachable.", "problem_id": "cspp1_m10_a1_1", "user_id": "chinuteja", "score": {"sample": {"0": {"execution_time": 0.11268281936645508, "passed": false}, "1": {"execution_time": 0.052466630935668945, "passed": true}, "2": {"execution_time": 0.07813787460327148, "passed": true}, "3": {"execution_time": 0.0583341121673584, "passed": true}, "4": {"execution_time": 0.06252050399780273, "passed": true}, "5": {"execution_time": 0.08292222023010254, "passed": false}, "6": {"execution_time": 0.09893488883972168, "passed": true}, "7": {"execution_time": 0.06277775764465332, "passed": true}, "8": {"execution_time": 0.06594085693359375, "passed": true}, "9": {"execution_time": 0.051685333251953125, "passed": false}, "10": {"execution_time": 0.06400871276855469, "passed": true}, "11": {"execution_time": 0.05659222602844238, "passed": true}, "12": {"execution_time": 0.042237043380737305, "passed": true}, "13": {"execution_time": 0.06236982345581055, "passed": false}, "14": {"execution_time": 0.06676793098449707, "passed": false}, "15": {"execution_time": 0.060564279556274414, "passed": false}, "16": {"execution_time": 0.06248736381530762, "passed": false}, "17": {"execution_time": 0.05245232582092285, "passed": false}, "18": {"execution_time": 0.047605037689208984, "passed": false}, "19": {"execution_time": 0.0885016918182373, "passed": false}, "20": {"execution_time": 0.052478790283203125, "passed": false}, "21": {"execution_time": 0.09375977516174316, "passed": false}, "22": {"execution_time": 0.08269786834716797, "passed": false}, "23": {"execution_time": 0.05163264274597168, "passed": false}, "24": {"execution_time": 0.0624537467956543, "passed": false}}}, "pylint_score": "2/10"}