{"version": "1", "message": "ERROR: Hidden Testcases server unreachable.", "problem_id": "cspp1_m10_a1_1", "user_id": "chinuteja", "score": {"sample": {"0": {"execution_time": 0.12398147583007812, "passed": true}, "1": {"execution_time": 0.07908511161804199, "passed": false}, "2": {"execution_time": 0.0727853775024414, "passed": false}, "3": {"execution_time": 0.11587834358215332, "passed": false}, "4": {"execution_time": 0.11117124557495117, "passed": false}, "5": {"execution_time": 0.07620716094970703, "passed": false}, "6": {"execution_time": 0.1174001693725586, "passed": false}, "7": {"execution_time": 0.11637091636657715, "passed": false}, "8": {"execution_time": 0.11417651176452637, "passed": false}, "9": {"execution_time": 0.09434151649475098, "passed": false}, "10": {"execution_time": 0.12499380111694336, "passed": false}, "11": {"execution_time": 0.1222679615020752, "passed": false}, "12": {"execution_time": 0.11268901824951172, "passed": false}, "13": {"execution_time": 0.11377668380737305, "passed": false}, "14": {"execution_time": 0.12220239639282227, "passed": false}, "15": {"execution_time": 0.12681007385253906, "passed": false}, "16": {"execution_time": 0.12491345405578613, "passed": false}, "17": {"execution_time": 0.12531781196594238, "passed": false}, "18": {"execution_time": 0.11109232902526855, "passed": false}, "19": {"execution_time": 0.1521449089050293, "passed": false}, "20": {"execution_time": 0.12326502799987793, "passed": false}, "21": {"execution_time": 0.1178591251373291, "passed": false}, "22": {"execution_time": 0.14566421508789062, "passed": false}, "23": {"execution_time": 0.1458721160888672, "passed": false}, "24": {"execution_time": 0.12442684173583984, "passed": false}}}, "pylint_score": "6/10"}