{"version": "1", "message": "ERROR: Hidden Testcases server unreachable.", "problem_id": "cspp1_m10_a1_1", "user_id": "chinuteja", "score": {"sample": {"0": {"execution_time": 0.13346433639526367, "passed": false}, "1": {"execution_time": 0.04686403274536133, "passed": true}, "2": {"execution_time": 0.06248736381530762, "passed": true}, "3": {"execution_time": 0.10934782028198242, "passed": true}, "4": {"execution_time": 0.06251668930053711, "passed": true}, "5": {"execution_time": 0.07807397842407227, "passed": false}, "6": {"execution_time": 0.06248950958251953, "passed": true}, "7": {"execution_time": 0.07813262939453125, "passed": true}, "8": {"execution_time": 0.07811117172241211, "passed": true}, "9": {"execution_time": 0.09372496604919434, "passed": false}, "10": {"execution_time": 0.06888866424560547, "passed": true}, "11": {"execution_time": 0.16160178184509277, "passed": true}, "12": {"execution_time": 0.07810688018798828, "passed": true}, "13": {"execution_time": 0.0624849796295166, "passed": false}, "14": {"execution_time": 0.09372925758361816, "passed": false}, "15": {"execution_time": 0.04686427116394043, "passed": false}, "16": {"execution_time": 0.06248831748962402, "passed": false}, "17": {"execution_time": 0.06248283386230469, "passed": false}, "18": {"execution_time": 0.0624842643737793, "passed": false}, "19": {"execution_time": 0.04686403274536133, "passed": false}, "20": {"execution_time": 0.09372639656066895, "passed": false}, "21": {"execution_time": 0.11592769622802734, "passed": false}, "22": {"execution_time": 0.07810592651367188, "passed": false}, "23": {"execution_time": 0.06697344779968262, "passed": false}, "24": {"execution_time": 0.09373855590820312, "passed": false}}}, "pylint_score": "2/10"}